Sides,a,a_error,b,b_error,c,c_error,R2
3,34.65165175599801,0.004646435398594409,-172.03932061209863,5.828669259236246,-0.9556618941185135,0.007352955295755024,0.9999895637510492
4,28.466705758965094,0.004135727848901679,-146.73294259448954,4.707074987592463,-0.9413074010462077,0.006975665847809949,0.9999904671360073
5,26.773177003736777,0.0013649072847179819,-113.01895648531415,1.8182075715103139,-0.9645588813283733,0.003487464567256604,0.9999976738901817
6,26.078750106148917,0.0006216499238281381,-114.86508256979513,0.8647908523440272,-0.9709939725044751,0.00163074728817413,0.9999994947892403
7,25.736386951037638,0.0021622680573861897,-98.00872177581445,2.6858447076180547,-0.9542051810608002,0.005948664992867318,0.9999931589962797
8,25.540028955787708,0.0004538082191239533,-115.20319865764286,0.6038461938188161,-0.9643929161181389,0.0011362887400352287,0.9999997530174121
9,25.4236200615584,0.0011182458016820859,-98.10306564712127,1.4575454339465157,-0.961331753307975,0.003222089406711487,0.9999980077397481
10,25.351067866579108,0.0028652297577437614,-91.41459716758862,3.3683319052984464,-0.9460754590883707,0.008007129528644763,0.9999875010447689
11,25.30092365306556,0.0028950385572505395,-85.64064692009302,3.233414902202359,-0.9385315087207361,0.008213175241612499,0.999986747201354
12,25.268274704713598,0.0049830585080923515,-83.3196887171371,5.0675714931163,-0.9247782891572047,0.013256672670604583,0.9999649860535174
13,25.23937539151403,0.0035983784669949125,-84.39209451527898,3.9972385796448324,-0.9377345395361963,0.010304719459987541,0.9999791210370654
14,25.220310024849674,0.002406544078309167,-84.01517680839854,2.637925134690652,-0.9357765491847445,0.0068328475275899175,0.999990801421206
15,25.202660713641965,0.00228360218311966,-94.22962292209581,2.922386098176782,-0.9586145832248059,0.00672824201570708,0.9999912884658341
16,25.19515370507246,0.003898374052548188,-89.38330340709416,4.3800801979667945,-0.9394093900266431,0.010658638467090708,0.9999777003763731
17,25.181608151663454,0.0011551250005396433,-96.31428837305899,1.5278228559359706,-0.9635018238026859,0.003439211416559453,0.9999977353181845
18,25.177315965575154,0.0028770872400265732,-90.6333578844381,3.4973832407050964,-0.9510136226434077,0.008379980314190356,0.9999863793975238
19,25.166524704650318,9.638512907759318e-05,-102.77587452491878,0.13971810466222795,-0.9771166427243608,0.00029423542335783973,0.9999999836581406
20,25.165608393536424,0.0018216786449012472,-94.97671434848192,2.323205875759281,-0.9581029060887122,0.005307023061916778,0.9999945771602856
21,25.163286520918255,0.0014568126654355541,-87.17372159257592,1.7165550725017027,-0.9464148139940125,0.004278876875815164,0.9999964319128432
22,25.158099353476253,0.0026071024350633625,-95.56966996789323,3.4326726731921378,-0.9628292238302062,0.007788007091164391,0.9999883791095951
23,25.15532604271067,0.0007074976935456163,-93.74578673632101,0.9153591326304024,-0.9602337099449375,0.002117870741280463,0.9999991382788099
24,25.157589714178588,0.0033885801890677684,-88.6766488962446,3.8978474249397,-0.9428692915622058,0.009556161200970428,0.9999821384535487
25,25.152337647169198,0.0015287123136700721,-91.43423121317001,1.9163121417167406,-0.9555564814325794,0.004548657900815254,0.9999960057139728
26,25.15290853935019,0.003153263286462853,-86.59066650385886,3.666873342134102,-0.9444736552183602,0.009204452928517973,0.9999834563393137
27,25.14640721197022,0.0005169309582145142,-100.81913508157191,0.7325269055249926,-0.9737412116624621,0.0015732410436828115,0.9999995311445324
28,25.147068877676293,0.0012743124035094525,-92.71981186245999,1.6216515138906962,-0.9577848732279655,0.0037947541757018337,0.9999972264232292
29,25.147141066793015,0.001529517599789241,-93.74281406549827,1.9663548611106418,-0.9592930440949536,0.004550267043328567,0.9999960183773424
30,25.143534088756187,0.0010497800382221762,-97.23145783533668,1.4337431828715685,-0.9682605141409452,0.0031950493973303268,0.9999980551118247
31,25.143248255400586,0.0003563083869024031,-97.50000453333224,0.48608792383391536,-0.9680946328773588,0.0010802701414628644,0.9999997776307366
32,25.154297772504236,0.006071760261669767,-71.61046023783773,5.434140490923925,-0.9061312740275521,0.016586642448576407,0.9999441467469683
33,25.14157756590792,0.0022137381529829555,-94.73064984264344,2.9447873965160665,-0.9643494770007013,0.00673895541991655,0.9999913125977355
34,25.145792449574078,0.002215440504404029,-84.15552424210433,2.5121994147307207,-0.9407631336561855,0.006491813960701339,0.9999917391133749
35,25.137825296819873,0.0014571692831813151,-105.18500339441478,2.2058261494353744,-0.983574431487294,0.00453534120916267,0.999996143617989
36,25.138467311238475,0.0021530163495940445,-89.84510632612232,2.779873631400083,-0.9599309165932913,0.006711314347904924,0.9999913439293128
37,25.13816216698511,0.003281345901438422,-97.42929375020695,4.558834407300957,-0.9708012890557836,0.01013534388875844,0.999980481015531
38,25.134353574837316,0.0033510920401646498,-107.21445609183827,5.305023528554792,-0.9902586906800629,0.010692553655155099,0.9999787160591875
39,25.1366232325759,0.002853173337242264,-99.38863846928237,4.080566624546779,-0.9751116428492924,0.00888841785532386,0.9999850558889479
40,25.139126969618015,0.0004033947633607537,-96.1079255576233,0.538185865075983,-0.9647851941841141,0.001213886724042079,0.9999997182477423
41,25.13991353008868,0.0007318652056750184,-91.48361083177139,0.9312290004968296,-0.95776559475993,0.0022085782633174747,0.9999990604731992
42,25.13643152522211,0.0014245947753613074,-97.24261662875347,1.9931244199380673,-0.9718419380812439,0.004439103149873278,0.999996259719783
43,25.136869904904824,0.0008809780405003685,-95.79103990107652,1.207079407881268,-0.9687379806885745,0.0027302206364754186,0.9999985805533836
44,25.14419306359479,0.005168967763978444,-75.3106861117345,5.248260348152737,-0.9245448594780782,0.015189936188095662,0.999954018954046
45,25.135917577740393,0.0007692681325138053,-100.74448779652194,1.1103594245385737,-0.9764803402793049,0.0023856668838342547,0.9999989249605499
46,25.134402635302198,0.002937995274959675,-101.08215244412243,4.3076864434194,-0.9788142140455661,0.009221734299123365,0.9999839764469066
47,25.13141722934234,0.004753442892462282,-107.47266000611789,7.592341961997395,-0.9915894021081973,0.015263597692030327,0.9999566906592225
48,25.13302340043442,0.003986308861942037,-102.66241246420674,5.965823568237818,-0.9818707458544194,0.012570160035030647,0.9999703235716038
49,25.137629779988625,9.487221488977046e-05,-92.62381844725812,0.12363298208573167,-0.9613010866865871,0.00028947520261029516,0.9999999839191608
50,25.132421424893625,0.003014564536697559,-103.92882398625295,4.6084956127011285,-0.9850427111947279,0.009588242678709339,0.9999827907143395
