Sides,Resolution,Filename,Area,Unknowns,Q1,C_shape,Build Time (s),Solve Time (s),Residual,NNZ
23,256,256.png,19850.0,19850,15953162.115290657,24.698708453688972,0.24086848300066777,0.08714950799912913,5.60222766729642e-13,98612
23,1024,1024.png,315215.0,315215,3968826643.139558,25.035232112431206,3.39961166500143,4.630000948000088,9.00385256728234e-12,1573533
23,512,512.png,79060.0,79060,250816694.09996998,24.920524618304295,0.8459196449985029,0.6119013280003855,2.2464494578599753e-12,394028
23,2048,2048.png,1259666.0,1259666,63235036096.00285,25.09302642204549,13.50654361800116,40.13746877700032,3.631163551164905e-11,6293250
23,128,128.png,4999.0,4999,1029789.1856445728,24.267103741585792,0.07971298399934312,0.013768978998996317,1.3768183420593474e-13,24675
46,256,256.png,19836.0,19836,15935021.546907634,24.691958830539303,0.22163250200173934,0.08753492599862511,5.70550839235852e-13,98540
46,1024,1024.png,315108.0,315108,3968554387.214941,25.019954869178964,3.3820585459980066,4.913724306999939,9.074623415357305e-12,1573004
46,512,512.png,79030.0,79030,250760774.44986746,24.907168649890494,0.8680761549985618,0.5635942150001938,2.263154121639381e-12,393878
46,2048,2048.png,1259526.0,1259526,63260964495.944855,25.077166579995655,13.56737513600092,41.27544681799918,3.646752912721025e-11,6292562
46,128,128.png,5008.0,5008,1033852.8934948198,24.258832332731355,0.055118451000453206,0.014616798998758895,1.3837474113667872e-13,24720
32,256,256.png,19708.0,19708,15737290.152900945,24.68056826977947,0.22514822900120635,0.08748792299957131,5.658939226023863e-13,97908
32,1024,1024.png,314812.0,314812,3960762964.7138495,25.02209706234215,3.3885935809994407,4.844452557998011,9.119513760544942e-12,1571532
32,512,512.png,78596.0,78596,248029331.54913026,24.905647962754674,0.8425769860004948,0.6115770809992682,2.246913519419854e-12,391716
32,2048,2048.png,1258648.0,1258648,63164171872.65871,25.080591432399288,13.539538048997201,42.596971000999474,3.702361223418686e-11,6288184
32,128,128.png,4936.0,4936,1003759.0246330509,24.272853744858633,0.06994544299959671,0.014504900002066279,1.3994829285336363e-13,24360
26,256,256.png,19852.0,19852,15961344.872793902,24.69102116023734,0.21380543999839574,0.08821014400018612,5.67414469856083e-13,98624
26,1024,1024.png,315056.0,315056,3965766515.482093,25.02928065696615,3.4209616189982626,4.7861325690028025,9.160800391199166e-12,1572744
26,512,512.png,78904.0,78904,249878553.2619724,24.91546847349014,0.8597395020005933,0.5756673329997284,2.265025185067005e-12,393252
26,2048,2048.png,1260072.0,1260072,63290253658.0542,25.087297860465153,13.477056801999424,42.32467404699855,3.721231747320089e-11,6295288
26,128,128.png,5006.0,5006,1032651.7744721832,24.267654033528267,0.07594437499938067,0.013981694999529282,1.4462748878190637e-13,24710
48,256,256.png,19940.0,19940,16102656.406545741,24.6918017724314,0.21112128499953542,0.08151390300190542,5.652516484528819e-13,99060
48,1024,1024.png,315476.0,315476,3977944956.2470565,25.019226678766252,3.3872233929978393,4.655343839996931,9.075002229045427e-12,1574844
48,512,512.png,79224.0,79224,252006482.374624,24.90587589992888,0.8672910120003507,0.6120241969983908,2.2714032939860525e-12,394848
48,2048,2048.png,1259592.0,1259592,63269295549.78476,25.07649235979833,13.484118876000139,41.33759473899772,3.652686197198447e-11,6292896
48,128,128.png,4972.0,4972,1019131.1309220676,24.256725410432374,0.07589213800019934,0.013453723000566242,1.4352873042023974e-13,24540
47,256,256.png,19801.0,19801,15877368.278862089,24.69424366265943,0.21207353899808368,0.0828363350010477,5.555940014268918e-13,98365
47,1024,1024.png,315182.0,315182,3970504589.190725,25.019412745282228,3.4025384039996425,4.6240046249986335,9.1314923743934e-12,1573374
47,512,512.png,78949.0,78949,250245784.8670149,24.907291063113405,0.8563903290014423,0.5563862679991871,2.2516129550832947e-12,393473
47,2048,2048.png,1259611.0,1259611,63269766509.99846,25.077062218496856,13.463911548002216,45.733867414001,3.679702455210789e-11,6292985
47,128,128.png,4996.0,4996,1029016.1901111694,24.256193673010582,0.05488966900156811,0.014092705001530703,1.4080257866222747e-13,24660
21,256,256.png,19814.0,19814,15891688.616779378,24.70439771802951,0.20864499799790792,0.08849135199852753,5.724611658900712e-13,98432
21,1024,1024.png,315069.0,315069,3964282824.239647,25.040714591305626,3.3905893379996996,4.770418219999556,9.232033068028084e-12,1572803
21,512,512.png,78932.0,78932,249953506.65708917,24.925678008379712,0.848942688000534,0.6049313859984977,2.282763191660986e-12,393388
21,2048,2048.png,1259328.0,1259328,63187200052.56055,25.098548602641145,13.427452525000263,41.39075216099809,3.7338008592191794e-11,6291558
21,128,128.png,4985.0,4985,1023478.1097225895,24.280172447201217,0.05391259499810985,0.01409786099975463,1.4080864980292605e-13,24605
42,256,256.png,19810.0,19810,15892492.947955953,24.693174399078405,0.22260532600193983,0.08466215099906549,5.629504482898011e-13,98410
42,1024,1024.png,315216.0,315216,3971135954.892113,25.020832271832763,3.3909783950002748,4.8608984439997585,9.148191580829959e-12,1573540
42,512,512.png,78880.0,78880,249789781.08889472,24.90916310858092,0.8482824139973673,0.5802826789986284,2.274854916449334e-12,393128
42,2048,2048.png,1259960.0,1259960,63302436746.361206,25.078010945467337,13.475225221998699,41.84492277800018,3.7202741125549244e-11,6294728
42,128,128.png,4956.0,4956,1012223.7938695189,24.265321709248582,0.07625548199939658,0.01357814800212509,1.385148658138514e-13,24460
5,256,256.png,19858.0,19858,15030997.782855552,26.235128878123234,0.20838910800011945,0.07770242299739039,5.325877298515307e-13,98612
5,1024,1024.png,315106.0,315106,3728204978.7118416,26.6325998175956,3.4162360209993494,4.319031151000672,8.504113022532889e-12,1572828
5,512,512.png,78909.0,78909,234981417.75669357,26.49839438558171,0.8705517900016275,0.52709321400107,2.0887162330465867e-12,393193
5,2048,2048.png,1259316.0,1259316,59395498936.72972,26.700285648670693,14.035856280999724,37.2689753650011,3.434385016282749e-11,6291178
5,128,128.png,5028.0,5028,982742.9292920451,25.724717264780466,0.07772892899811268,0.013867810001102043,1.3590055221098905e-13,24798
17,256,256.png,19790.0,19790,15842976.683120493,24.72036081560781,0.21063345999937155,0.08479778100081603,5.601964675708569e-13,98310
17,1024,1024.png,315119.0,315119,3962368299.6107354,25.06076584823154,3.3979527299998153,4.652730423000321,8.966995738543549e-12,1573047
17,512,512.png,79084.0,79084,250712679.90461922,24.946002166222183,0.8453130170018994,0.5519813270002487,2.2165262782832874e-12,394142
17,2048,2048.png,1259815.0,1259815,63184430364.55657,25.119065330931683,13.464900923998357,41.039672855997196,3.6603162901654945e-11,6293981
17,128,128.png,4986.0,4986,1023747.5086705564,24.28352283101873,0.056597198999952525,0.015545157999440562,1.3880375525372716e-13,24608
49,256,256.png,19843.0,19843,15948032.277480677,24.689230755820876,0.2203765119993477,0.08575787800145918,5.537751452158212e-13,98575
49,1024,1024.png,315062.0,315062,3967482289.032872,25.01940944220244,3.4012503440026194,5.007150042998546,9.102230197104686e-12,1572774
49,512,512.png,78897.0,78897,249916353.6120468,24.907280052040367,0.8404514100002416,0.6237826939977822,2.2522934081202966e-12,393213
49,2048,2048.png,1259439.0,1259439,63253015057.910126,25.07685354237733,13.471524350999971,45.9358882939996,3.665862610819195e-11,6292125
49,128,128.png,4994.0,4994,1027838.9249152014,24.264537366161335,0.05926219600223703,0.013515852999262279,1.3646324182000718e-13,24650
19,256,256.png,19853.0,19853,15950249.375359468,24.710686317474412,0.21244837199992617,0.08918171299956157,5.686399315723835e-13,98627
19,1024,1024.png,315297.0,315297,3968721699.4076347,25.04892147611109,3.4006039930027328,4.678558433999569,9.066837303551853e-12,1573939
19,512,512.png,79144.0,79144,251203576.29674158,24.935046022596172,0.8399408139994193,0.6418519349972485,2.261179938790603e-12,394444
19,2048,2048.png,1259449.0,1259449,63178715401.35512,25.106743204958825,13.498706106001919,43.76428565899914,3.7017256267143405e-11,6292159
19,128,128.png,4986.0,4986,1024346.9417299241,24.269312463622853,0.07762506799917901,0.013885142998333322,1.412501230154274e-13,24610
16,256,256.png,19788.0,19788,15849922.499365512,24.704533666689837,0.21163304999936372,0.08576951099894359,5.561819988378275e-13,98308
16,1024,1024.png,315620.0,315620,3974579704.509042,25.063275064527865,3.3923669309988327,4.4252688480009965,8.948378232850167e-12,1575580
16,512,512.png,79408.0,79408,252808343.40297234,24.942335284990687,0.8394715220019862,0.6025943999993615,2.243195849445557e-12,395776
16,2048,2048.png,1260500.0,1260500,63239459027.592224,25.12450730020886,13.569867400998191,39.450716309998825,3.570311100137931e-11,6297468
16,128,128.png,5056.0,5056,1053772.4053384005,24.25868799609613,0.05930379399796948,0.014936628998839296,1.4503840218961432e-13,24960
14,256,256.png,19808.0,19808,15852425.688400334,24.750588440676214,0.22233381700061727,0.08190983299937216,5.603746020997662e-13,98400
14,1024,1024.png,314724.0,314724,3947323552.871445,25.093254923059472,3.376356140997814,4.834506421000697,9.143858349260193e-12,1571076
14,512,512.png,78644.0,78644,247630705.42723408,24.97621902473406,0.8331609569977445,0.631557614000485,2.2602098735014246e-12,391948
14,2048,2048.png,1259840.0,1259840,63103308811.00777,25.15235501126573,13.469972271999723,41.651062979002745,3.702435396851594e-11,6294112
14,128,128.png,5068.0,5068,1055926.6987233313,24.324249051618835,0.08109069599959184,0.014641364999988582,1.385065226447999e-13,25016
35,256,256.png,19873.0,19873,15996711.658610454,24.68858209289658,0.2126811709968024,0.08678804500232218,5.648560158083044e-13,98725
35,1024,1024.png,315157.0,315157,3969382100.4953547,25.02251789682958,3.4206282880004437,4.691921824000019,9.020889427115783e-12,1573247
35,512,512.png,78984.0,78984,250447270.29087734,24.90932422124003,0.8387768940010574,0.6074236239983293,2.2593696415518886e-12,393648
35,2048,2048.png,1259269.0,1259269,63227804417.69725,25.08008033752239,13.504167208000581,45.262327021999226,3.656244636589921e-11,6291273
35,128,128.png,5014.0,5014,1036807.1921894492,24.247706024213507,0.05604995700196014,0.014701508000143804,1.4562424257208776e-13,24750
30,256,256.png,19824.0,19824,15916290.85653321,24.691115508151682,0.21332919699852937,0.08859297799790511,5.777558574562371e-13,98484
30,1024,1024.png,315454.0,315454,3976388563.7688713,25.025528697749298,3.3914474670018535,4.766830624001159,9.07523125054106e-12,1574734
30,512,512.png,79156.0,79156,251519114.66700867,24.911316757357596,0.8432413109985646,0.6446646579970547,2.276535275257807e-12,394512
30,2048,2048.png,1260564.0,1260564,63350304051.53058,25.08309347344969,13.443385393002245,42.403408304999175,3.6584667196822583e-11,6297748
30,128,128.png,5004.0,5004,1032265.424070798,24.257342555612546,0.05681548699794803,0.014477598000667058,1.4095154370524857e-13,24700
27,256,256.png,19800.0,19800,15877869.686187271,24.690969742688445,0.22112574900165782,0.08815232500273851,5.514904512229893e-13,98362
27,1024,1024.png,315229.0,315229,3970228867.0929346,25.02861315240998,3.4080098459999135,5.006809590002376,9.109223443019554e-12,1573605
27,512,512.png,78901.0,78901,249872741.0786817,24.91415339714752,0.8412916570014204,0.598530203998962,2.254710260799012e-12,393235
27,2048,2048.png,1259893.0,1259893,63275186117.70685,25.086143065564265,13.42425202099912,41.54704074899928,3.680536278039245e-11,6294389
27,128,128.png,4985.0,4985,1024679.122549132,24.25171397869333,0.0772726609975507,0.013572972999099875,1.3871381007105156e-13,24605
11,256,256.png,19837.0,19837,15848614.299970273,24.829083574879988,0.21209550500134355,0.09188443799939705,5.540712721635098e-13,98539
11,1024,1024.png,314968.0,314968,3940779459.965595,25.173913443221743,3.3758886309988156,4.981773997998971,9.070048216165862e-12,1572274
11,512,512.png,78771.0,78771,247633454.33965182,25.056672805159256,0.8362393989991688,0.6033049469988327,2.23519368342973e-12,392571
11,2048,2048.png,1259460.0,1259460,62863841836.08794,25.232939083423872,13.616725845000474,41.053505838001,3.62547556308675e-11,6292172
11,128,128.png,4992.0,4992,1021325.7491258952,24.399721657196945,0.05900143300095806,0.015215225001156796,1.4186124953098024e-13,24634
24,256,256.png,19828.0,19828,15929674.164366491,24.68032804333479,0.22332947199902264,0.08829865400184644,5.538020076542423e-13,98508
24,1024,1024.png,315376.0,315376,3973728802.317174,25.029896684947744,3.406637348998629,4.641595838002104,8.99305421522045e-12,1574352
24,512,512.png,78968.0,78968,250320492.64341724,24.91184384525455,0.8304765540015069,0.5753724530004547,2.231694704793904e-12,393576
24,2048,2048.png,1260368.0,1260368,63314716699.02438,25.089388032411076,13.431684219998715,38.89445631499984,3.617334174989715e-11,6296784
24,128,128.png,5012.0,5012,1036141.1477274112,24.24394017658357,0.052806324998528,0.013691257001482882,1.4235219969221856e-13,24740
9,256,256.png,19918.0,19918,15902023.517349973,24.948191251707655,0.23301833900040947,0.07921936899947468,5.629507430885467e-13,98940
9,1024,1024.png,314685.0,314685,3914284793.4028144,25.298784950931722,3.411636762000853,4.3898295069993765,8.972609331845177e-12,1570845
9,512,512.png,78829.0,78829,246781432.8538918,25.180221903805208,0.8315129719994729,0.5079048150000744,2.213929040688712e-12,392853
9,2048,2048.png,1259515.0,1259515,62557245196.83328,25.358821831644597,13.425155430999439,33.836468675002834,3.584452695946809e-11,6292415
9,128,128.png,4990.0,4990,1016365.4588876399,24.499160004170044,0.05670658799863304,0.014227298001060262,1.4196498053115567e-13,24624
45,256,256.png,19837.0,19837,15939200.025218833,24.687974827933527,0.21968957900025998,0.08797826299996814,5.671840371316966e-13,98545
45,1024,1024.png,315042.0,315042,3966904825.765206,25.019874719291924,3.377940844002296,4.534593207001308,9.03938332904338e-12,1572674
45,512,512.png,78942.0,78942,250197590.01139033,24.907671427675595,0.8381436810013838,0.58908667599826,2.2557235889171022e-12,393438
45,2048,2048.png,1259382.0,1259382,63245976373.17077,25.07737429122537,13.433598461997462,42.25058275600168,3.6597242117833086e-11,6291840
45,128,128.png,5012.0,5012,1035728.1564009251,24.253607324233172,0.08123316599812824,0.014487732001725817,1.4082377451358078e-13,24740
13,256,256.png,19877.0,19877,15949330.55627038,24.771894193682684,0.215950760000851,0.08570924000014202,5.723220447273609e-13,98741
13,1024,1024.png,315069.0,315069,3952813427.6577616,25.113372178514762,3.4260795160007547,4.689324148002925,9.189495261711876e-12,1572787
13,512,512.png,78780.0,78780,248270380.46159232,24.998102425513135,0.8333073840003635,0.6311889509997854,2.2655786516993676e-12,392618
13,2048,2048.png,1259447.0,1259447,63015060073.07393,25.171867549909383,13.51676052199764,41.76250277299914,3.7079894156744606e-11,6292125
13,128,128.png,5019.0,5019,1034597.8632360909,24.347973154717085,0.05627772599837044,0.013983057000586996,1.4417375230548717e-13,24769
33,256,256.png,19779.0,19779,15843710.36412973,24.691744042841098,0.21259609000117052,0.08817872800136684,5.619656286647787e-13,98257
33,1024,1024.png,315184.0,315184,3969892172.6183395,25.023589945638182,3.445664594997652,5.107442550000997,9.103428452241258e-12,1573380
33,512,512.png,78920.0,78920,250045381.8004325,24.90894394910687,0.8345018190011615,0.6084603679992142,2.2781300834472086e-12,393330
33,2048,2048.png,1259752.0,1259752,63273768290.90234,25.081090385005236,13.756912270000612,45.33511278500009,3.633585737121642e-11,6293686
33,128,128.png,4995.0,4995,1028379.192834048,24.261503124389105,0.05899741200119024,0.01479531500081066,1.4123334572558352e-13,24655
8,256,256.png,20012.0,20012,16024415.289314222,24.991872512631247,0.22844717700354522,0.07940595100080827,5.543707556727488e-13,99436
8,1024,1024.png,316040.0,316040,3932904345.2523494,25.396316012763656,3.408064708000893,4.332190601002367,8.708199862096708e-12,1577728
8,512,512.png,79356.0,79356,249313956.66201174,25.258813506927662,0.8344645840006706,0.5229940790013643,2.2166809384799355e-12,395540
8,2048,2048.png,1261392.0,1261392,62479489529.43704,25.466113594195626,13.533105083999544,36.39871860900166,3.5480130167385516e-11,6302024
8,128,128.png,4980.0,4980,1013491.5789365302,24.47025758815222,0.08311431999754859,0.013768873999651987,1.3827341684056774e-13,24588
43,256,256.png,19843.0,19843,15946021.222457906,24.692344473081576,0.2168639699993946,0.11123596399920643,5.586638009107912e-13,98575
43,1024,1024.png,315210.0,315210,3971025606.163873,25.020575023685655,3.4047268140020606,4.924177577999217,9.114059033181371e-12,1573514
43,512,512.png,78993.0,78993,250508009.8887717,24.90896020359022,0.8462336970005708,0.6078237440015073,2.273563168871296e-12,393693
43,2048,2048.png,1259847.0,1259847,63291669221.90486,25.077778527915246,13.733998294999765,44.24143392100086,3.695724958176589e-11,6294165
43,128,128.png,5006.0,5006,1032730.168007904,24.265811899675427,0.05549455000073067,0.014445299999351846,1.419639383282957e-13,24710
25,256,256.png,19793.0,19793,15864335.771355834,24.69456362032851,0.2157762310016551,0.08875340300073731,5.722643318662149e-13,98327
25,1024,1024.png,315161.0,315161,3968084421.767021,25.031336373828736,3.3977412739986903,4.923796164999658,9.059293867210281e-12,1573263
25,512,512.png,78925.0,78925,249992200.03176546,24.917399919711443,0.8289406240000972,0.6037158920007641,2.2490121511491303e-12,393353
25,2048,2048.png,1259484.0,1259484,63226724499.412964,25.089073628521245,13.577205025001604,44.14362612000332,3.664747322771242e-11,6292342
25,128,128.png,4971.0,4971,1018319.5028835142,24.266294547072697,0.05971990999751142,0.014735288001247682,1.4141904987077716e-13,24535
44,256,256.png,19884.0,19884,16010614.243091777,24.694458938113186,0.2193952689995058,0.09189919799973723,5.624942527548241e-13,98780
44,1024,1024.png,315040.0,315040,3966712077.725254,25.020772784929704,3.4016389470016293,5.51086521599791,9.128950959887423e-12,1572664
44,512,512.png,78964.0,78964,250298165.77809462,24.911542106656928,0.930060743001377,0.6568836410006043,2.2603772442528094e-12,393548
44,2048,2048.png,1259320.0,1259320,63239780652.62979,25.077361844613733,14.321991482000158,45.905939111002226,3.698395838483752e-11,6291536
44,128,128.png,4976.0,4976,1019106.6864125325,24.29635319846873,0.05733029999828432,0.014052883998374455,1.347483656404819e-13,24560
29,256,256.png,19863.0,19863,15981329.667862836,24.68748077911099,0.21096663600110332,0.08945839700027136,5.672938328523391e-13,98677
29,1024,1024.png,315370.0,315370,3974132585.403817,25.026401299566583,3.38043734600069,4.8562840779995895,9.107562870830455e-12,1574310
29,512,512.png,79054.0,79054,250867459.2026776,24.911700129871992,0.8330908780008031,0.5701350609997462,2.2554558750848714e-12,394000
29,2048,2048.png,1259554.0,1259554,63246449154.25296,25.084037129842862,13.467649502999848,45.755540303998714,3.69230677319935e-11,6292694
29,128,128.png,4999.0,4999,1030301.364932747,24.255040176163625,0.07548009900347097,0.014649027998530073,1.4123033417164583e-13,24675
41,256,256.png,19885.0,19885,16016118.209002435,24.688455706935514,0.2158139229977678,0.0928921189988614,5.637403985746776e-13,98785
41,1024,1024.png,315361.0,315361,3974828836.7776127,25.020589415273044,3.4064368110011856,5.299084705999121,9.090042945539994e-12,1574267
41,512,512.png,79116.0,79116,251309169.28137565,24.906936240721862,0.8419192260007549,0.5830686980007158,2.259376959767488e-12,394308
41,2048,2048.png,1259709.0,1259709,63276890986.88309,25.078140533325946,13.523017470000923,46.33716451300279,3.705194853896595e-11,6293473
41,128,128.png,5002.0,5002,1031216.2847222185,24.26261529291084,0.05518705900249188,0.013982066000608029,1.4032099430192417e-13,24690
37,256,256.png,19799.0,19799,15875330.515413994,24.692424552634737,0.21138950800013845,0.08754609700190485,5.694707981125822e-13,98355
37,1024,1024.png,315335.0,315335,3973951143.766948,25.021989105468332,3.374439885999891,4.797739401001309,9.049761512957107e-12,1574137
37,512,512.png,79068.0,79068,250997525.70222872,24.907610569104857,0.8362031849974301,0.614887091996934,2.232425523993563e-12,394068
37,2048,2048.png,1259951.0,1259951,63298283083.1752,25.079298285468887,13.472186990002228,39.588816956998926,3.66535009735038e-11,6294683
37,128,128.png,4976.0,4976,1020601.6860365118,24.26076337004424,0.08081405900156824,0.014190498000971274,1.4088643777255375e-13,24560
12,256,256.png,19976.0,19976,16108670.994717948,24.771787575203806,0.21696009199877153,0.08160771099937847,5.564790175751098e-13,99248
12,1024,1024.png,314472.0,314472,3934857960.499114,25.13245453247721,3.368220273998304,4.226791905999562,8.972181903773259e-12,1569856
12,512,512.png,79044.0,79044,249813190.2634314,25.010504567078495,0.8427325480006402,0.5611375700027565,2.2479889203046197e-12,393964
12,2048,2048.png,1258808.0,1258808,62894911285.49954,25.194368645676583,13.436956198998814,38.74044699300066,3.618105921414042e-11,6289032
12,128,128.png,5064.0,5064,1053957.2931056076,24.331247734371374,0.05823106000025291,0.014369180000358028,1.4169580816951817e-13,25000
34,256,256.png,19762.0,19762,15818809.567236466,24.6881184288905,0.2138533789984649,0.08684936599820503,5.73817287320652e-13,98174
34,1024,1024.png,315142.0,315142,3968982291.9959173,25.022656403452192,3.3850191559977247,4.453689078000025,9.032383714811533e-12,1573174
34,512,512.png,78750.0,78750,248969882.61917847,24.908886306886526,0.8382441630019457,0.5770572389992594,2.257457608826261e-12,392482
34,2048,2048.png,1259390.0,1259390,63239255085.18847,25.080358235773694,13.413089142999524,41.87799895900025,3.6880947366463374e-11,6291882
34,128,128.png,4946.0,4946,1007961.9354980304,24.2696823545355,0.07778552099989611,0.014182525999785867,1.4054760147544497e-13,24410
31,256,256.png,19769.0,19769,15829677.516558649,24.688649569215123,0.21347634199992171,0.09011993799867923,5.632037827407077e-13,98207
31,1024,1024.png,315180.0,315180,3969611134.0662622,25.024726363623156,3.3776504110028327,4.892361592002999,9.104843939738583e-12,1573360
31,512,512.png,78834.0,78834,249482221.22741324,24.910791339856463,0.8418918589995883,0.588441370997316,2.246638751278758e-12,392900
31,2048,2048.png,1259585.0,1259585,63253756038.06598,25.082374100760354,13.458332561000134,39.70491061199937,3.6789816699044526e-11,6292849
31,128,128.png,4975.0,4975,1020475.6622669811,24.254008121091907,0.056429235002724454,0.01449648799825809,1.438146304243268e-13,24555
15,256,256.png,19802.0,19802,15850627.06907163,24.738403237378442,0.22389545899932273,0.08683098500114284,5.666383292512588e-13,98370
15,1024,1024.png,315396.0,315396,3966190805.2808695,25.080648334808394,3.382557328000985,4.335095342001296,9.084475765913955e-12,1574426
15,512,512.png,79031.0,79031,250180324.7964712,24.965588185566613,0.8481231089972425,0.6147112830003607,2.249388644464653e-12,393877
15,2048,2048.png,1259793.0,1259793,63132767352.89894,25.13874283345706,13.413618005997705,43.08603159199993,3.6452380760641776e-11,6293865
15,128,128.png,4993.0,4993,1025798.1372117283,24.303074938080485,0.07640790799996466,0.014144392000162043,1.3928991653642733e-13,24643
20,256,256.png,19892.0,19892,16022103.065997884,24.696612072090403,0.21183025800200994,0.08878260600249632,5.574494783375453e-13,98828
20,1024,1024.png,315508.0,315508,3975113710.9344893,25.042125912065647,3.361849531000189,4.766290186998958,9.063479555024333e-12,1575012
20,512,512.png,78984.0,78984,250283752.88859233,24.92559818206379,0.836968452000292,0.5539822859973356,2.2800487454957708e-12,393656
20,2048,2048.png,1260112.0,1260112,63259509173.44772,25.10108398391575,13.468030871998053,44.11030550999931,3.6768892562863765e-11,6295512
20,128,128.png,5056.0,5056,1053864.2913938288,24.256572889655924,0.08034316100020078,0.014487478001683485,1.427144897630624e-13,24960
4,256,256.png,20164.0,20164,14693641.217517149,27.670942143005643,0.2175785840008757,0.07501333400068688,4.987808814251892e-13,100252
4,1024,1024.png,315844.0,315844,3530884003.4693184,28.25282060752547,3.37413197099886,3.3532124970006407,7.841709686894181e-12,1576972
4,512,512.png,79524.0,79524,225414805.34404027,28.05524049916716,0.8507675120017666,0.4590379319997737,1.9888652278826673e-12,396492
4,2048,2048.png,1258884.0,1258884,55894906138.291306,28.3530116596855,13.452795679997507,23.730766728000162,3.150760058876224e-11,6289932
4,128,128.png,5184.0,5184,997426.4879431463,26.943194636246538,0.06525115000113146,0.014504194998153253,1.3204845600636032e-13,25632
40,256,256.png,19960.0,19960,16140976.794912256,24.682620207073146,0.22337508300188347,0.08561967299829121,5.796862131723199e-13,99160
40,1024,1024.png,315332.0,315332,3974256953.071725,25.019587660819642,4.802672322002763,6.4705034120015625,9.01407152582673e-12,1574124
40,512,512.png,79068.0,79068,251020537.8093571,24.905327183818017,1.3195890729984967,0.7874291100015398,2.230897922939519e-12,394068
40,2048,2048.png,1259352.0,1259352,63242530005.69501,25.0775460716259,19.51099040599729,52.616216112000984,3.627800261884648e-11,6291696
40,128,128.png,4992.0,4992,1027698.5851851784,24.248417151912022,0.07548841500101844,0.019609420000051614,1.3722531164007523e-13,24640
6,256,256.png,19868.0,19868,15448636.286657006,25.55160317554598,0.3762141609986429,0.10606556100174203,5.471224131991207e-13,98688
6,1024,1024.png,315114.0,315114,3827643067.247348,25.942030448363983,4.691946593000466,4.795672534000914,8.59995500399885e-12,1572970
6,512,512.png,78732.0,78732,240168731.21392363,25.809887043449695,1.17379448200154,0.7143419490021188,2.1420062569193137e-12,392360
6,2048,2048.png,1258716.0,1258716,60917296736.37803,26.008474662170343,19.17084097100087,44.916495002999,3.492321672148636e-11,6288384
6,128,128.png,4994.0,4994,995777.1949223387,25.04579952942695,0.08629646899862564,0.020587890001479536,1.3664483229287437e-13,24642
18,256,256.png,19872.0,19872,15980431.783560447,24.711246188369067,0.3799173929983226,0.11618737200114992,5.644013756875996e-13,98724
18,1024,1024.png,314852.0,314852,3956771553.1162477,25.053703650372853,4.7366283670016855,6.1029483580023225,8.965943794160839e-12,1571720
18,512,512.png,78960.0,78960,250002028.7700548,24.938524021877015,1.1998189740006637,0.8044593269987672,2.2327925975761525e-12,393528
18,2048,2048.png,1258802.0,1258802,63100595234.10531,25.11200519305953,18.890478394001548,49.138556318001065,3.626263841769545e-11,6288930
18,128,128.png,4962.0,4962,1014078.1104253341,24.279632650460275,0.14524424300179817,0.020604646000720095,1.4242861649386765e-13,24490
10,256,256.png,19896.0,19896,15918053.344792467,24.86804180295709,0.3101505010017718,0.11728086400034954,5.603888620493376e-13,98840
10,1024,1024.png,315852.0,315852,3955340011.6137657,25.2222275736283,4.771243703999062,6.042136883999774,9.061904325123756e-12,1576700
10,512,512.png,79134.0,79134,249465288.42577899,25.102450106452903,1.206530281000596,0.7709318090019224,2.2386310597753857e-12,394390
10,2048,2048.png,1260576.0,1260576,62851529715.835724,25.282628107230163,18.987122074999206,47.9750778810012,3.6532579799984256e-11,6297768
10,128,128.png,5002.0,5002,1024416.0941112076,24.423673294304862,0.07914361499933875,0.020006891998491483,1.4546688840077165e-13,24690
36,256,256.png,19816.0,19816,15896848.631333297,24.70136472369906,0.31463461499879486,0.123022187002789,5.686884381472972e-13,98440
36,1024,1024.png,315400.0,315400,3975535311.244878,25.02233088425273,4.742357610997715,6.194896091998089,9.02684200619144e-12,1574464
36,512,512.png,79076.0,79076,251005124.21056616,24.911896901174007,1.1921261390016298,0.8104284639994148,2.2539958896063257e-12,394108
36,2048,2048.png,1259840.0,1259840,63286394033.40826,25.079590168498694,18.957506702998216,54.04744798400134,3.6714086730905955e-11,6294136
36,128,128.png,4984.0,4984,1022837.0513103843,24.285643512988187,0.07443853700169711,0.019429467000009026,1.4468515973126155e-13,24600
39,256,256.png,19867.0,19867,15984515.56481713,24.69250240331043,0.29777920200285735,0.11832276199857006,5.544659134829427e-13,98695
39,1024,1024.png,315096.0,315096,3968048603.402465,25.02123818011355,4.699686273001134,6.346556685999531,9.13298616530178e-12,1572942
39,512,512.png,79037.0,79037,250796525.1354047,24.908029988164053,1.1892096629999287,0.8026676630033762,2.252725476073493e-12,393913
39,2048,2048.png,1259977.0,1259977,63302509871.29422,25.078658709690473,18.98251433800033,58.44366154100135,3.679179582970655e-11,6294813
39,128,128.png,5006.0,5006,1032971.9857846999,24.26013129578057,0.0791755030004424,0.019551167002646253,1.4073192271696639e-13,24710
22,256,256.png,19930.0,19930,16082538.068744034,24.697898944940583,0.3024219949984399,0.12667816199973458,5.688697032546953e-13,99014
22,1024,1024.png,315246.0,315246,3969231268.868729,25.037603955066167,4.707830093000666,6.624175678000029,9.160823510311487e-12,1573690
22,512,512.png,79006.0,79006,250436104.97453508,24.924313675277354,1.1789060430019163,0.8495993609976722,2.262332413698279e-12,393758
22,2048,2048.png,1259948.0,1259948,63257388131.464035,25.09539216834022,19.106068658998993,51.42222484299782,3.6659194853445096e-11,6294664
22,128,128.png,5042.0,5042,1047705.4857556283,24.264227252437514,0.07449373599956743,0.019205773998692166,1.417684630591556e-13,24890
38,256,256.png,19798.0,19798,15872589.388428973,24.69419414867099,0.359841987999971,0.12045152300197515,5.569266415445755e-13,98350
38,1024,1024.png,315060.0,315060,3967040288.1344867,25.021879383705137,4.724860936999903,6.308949687998393,9.038192667577217e-12,1572760
38,512,512.png,78978.0,78978,250404967.15084362,24.909747418239206,1.1802356820007844,0.835807494000619,2.2362567593815127e-12,393618
38,2048,2048.png,1258860.0,1258860,63189330261.61412,25.079052001959283,18.998659748001955,52.442687757000385,3.6616566742376997e-11,6289228
38,128,128.png,4992.0,4992,1027387.2848574565,24.255764469050735,0.14424267499998678,0.020485878998442786,1.3604267877511625e-13,24640
7,256,256.png,19806.0,19806,15540824.8210427,25.241751356005597,0.3041852970018226,0.10767283699897234,5.478969599974286e-13,98374
7,1024,1024.png,315767.0,315767,3894013921.8099413,25.605660455023557,4.697198790003313,5.295415006999974,8.955143932863072e-12,1576219
7,512,512.png,78973.0,78973,244744525.35307544,25.482632226411226,1.191609088997211,0.7200418900029035,2.226860111212271e-12,393555
7,2048,2048.png,1260166.0,1260166,61868452734.45226,25.667658998552763,19.041788304002694,44.04739463300211,3.618353351142091e-11,6295602
7,128,128.png,5075.0,5075,1039352.5656728349,24.78045068693976,0.07591900099941995,0.018862464999983786,1.3602269961732436e-13,25043
28,256,256.png,19784.0,19784,15853054.26886249,24.68966858763455,0.29873159600174404,0.1236309119994985,5.597533493460453e-13,98288
28,1024,1024.png,315052.0,315052,3966110080.511404,25.026476998641794,4.7506910970005265,5.979448917001719,9.034273739909284e-12,1572732
28,512,512.png,78764.0,78764,249040448.38599262,24.9106831288091,1.1924035800002457,0.8114124419989821,2.25249492544691e-12,392556
28,2048,2048.png,1259812.0,1259812,63271606693.62656,25.084336533908086,19.167912004002574,48.592609009003354,3.670503104331363e-11,6294004
28,128,128.png,5032.0,5032,1043822.2743910307,24.257983970281117,0.07402588699915214,0.019600573999923654,1.3890504283215794e-13,24840
3,256,256.png,19995.0,19995,11831968.447105316,33.78981500730851,0.29913598599887337,0.09646171900021727,4.0500575095239834e-13,99175
3,1024,1024.png,316350.0,316350,2907175067.945448,34.42425040151655,4.724096448997443,3.758921734002797,6.368152016111844e-12,1578562
3,512,512.png,79579.0,79579,185110300.280519,34.2110473128894,1.18576484499863,0.5445089809982164,1.5861599682111881e-12,396297
3,2048,2048.png,1261473.0,1261473,46081998735.65952,34.53222892646792,19.12514867200298,30.70451432900154,2.5672939422089336e-11,6300997
3,128,128.png,5067.0,5067,778354.6788168628,32.98559088644072,0.07498489700083155,0.01644941300037317,1.001364539439113e-13,24933
50,256,256.png,19830.0,19830,15924702.194374535,24.693014362234646,0.298936301998765,0.11943260900079622,5.668593821276778e-13,98510
50,1024,1024.png,315044.0,315044,3967072523.5728507,25.019134726231414,4.732533356000204,6.1170222260006994,9.078789521899423e-12,1572684
50,512,512.png,79006.0,79006,250601222.95591784,24.907891359724104,1.1850572149996879,0.7932577549981943,2.268546711175229e-12,393758
50,2048,2048.png,1259378.0,1259378,63247361455.25798,25.07666581484163,19.191246652997506,59.799497893996886,3.680535973426704e-11,6291822
50,128,128.png,4988.0,4988,1025606.1091595499,24.25896626180245,0.07510906500101555,0.0196957489970373,1.3884285003649838e-13,24620
